season,pitcher_pcode,pitcher_name,team_id,total_pitches,regulation_zone_pct,abs_zone_pct
2021,50449,허윤동,SS,70,47.14,62.86
2021,69213,윤산흠,HH,70,41.43,60.0
2021,74359,오주원,WO,314,47.13,58.92
2021,50556,최준용,LT,697,47.06,57.53
2021,75342,이보근,KT,223,45.74,56.95
2021,50636,브룩스,HT,1276,44.75,55.56
2021,66609,전상현,HT,199,45.73,55.28
2021,51234,로켓,OB,2050,46.63,55.27
2021,75340,전유수,KT,193,47.15,54.92
2021,73738,안영명,KT,507,44.18,54.83
2021,51264,최승용,OB,316,44.62,54.11
2021,64047,조현우,KT,429,43.82,54.08
2021,51863,폰트,SK,2526,44.26,53.48
2021,63342,조상우,HT,682,42.38,52.93
2021,69134,이정용,LG,1040,42.5,52.88
2021,77263,김강률,LG,685,43.36,52.85
2021,67263,최원준,OB,2694,44.02,52.71
2021,68902,신민혁,NC,2452,43.43,52.65
2021,65844,박세웅,SS,57,47.37,52.63
2021,61156,송윤준,HH,196,42.86,52.55
2021,65062,김재윤,SS,984,43.7,52.44
2021,65056,엄상백,HH,944,44.81,52.44
2021,60337,김대유,HT,769,43.3,52.41
2021,63464,윤대경,HH,1269,41.29,52.32
2021,69940,루친스키,NC,2873,43.3,52.25
2021,65665,이준영,HT,600,44.33,52.17
2021,69159,정우영,LG,876,44.52,52.17
2021,65643,문경찬,LT,535,44.11,52.15
2021,51619,멩덴,HT,1955,43.27,52.02
2021,63628,고영창,HT,404,42.57,51.98
2021,68910,이승헌,NC,104,41.35,51.92
2021,60768,이태양,HH,1607,41.94,51.9
2021,61666,한승혁,HH,399,42.86,51.88
2021,63914,손정욱,NC,243,41.15,51.85
2021,65057,이창재,KT,417,40.29,51.8
2021,69399,윤정현,WO,195,41.54,51.79
2021,61295,강동연,NC,463,42.98,51.62
2021,65320,최원태,SS,2435,42.34,51.58
2021,69962,송명기,NC,2248,43.1,51.51
2021,50464,이승민,SS,734,41.83,51.36
2021,51257,미란다,OB,2940,42.48,51.36
2021,68585,김도규,LT,668,41.62,51.35
2021,51567,프랑코,LT,2662,42.56,51.13
2021,77211,이용찬,NC,509,41.65,51.08
2021,66557,한승혁,LT,94,43.62,51.06
2021,50705,강재민,HH,1007,42.2,51.04
2021,66663,서덕원,HT,599,40.4,50.92
2021,62363,한현희,LT,1356,42.4,50.88
2021,74857,정우람,HH,743,42.13,50.87
2021,75867,김진성,LG,596,41.44,50.84
2021,64565,이인복,LT,925,41.3,50.81
2021,79764,장민재,HH,438,43.84,50.68
2021,51834,르위키,SK,225,42.67,50.67
2021,64718,최영환,LT,744,41.4,50.67
2021,51895,장지훈,SK,1208,39.82,50.66
2021,61643,홍건희,OB,1214,41.1,50.66
2021,50662,정해영,HT,1001,41.46,50.65
2021,67737,김진영,HH,285,43.16,50.53
2021,60841,박종훈,SK,862,41.18,50.46
2021,50706,장웅정,HH,131,45.8,50.38
2021,76650,진해수,LT,703,40.54,50.36
2021,69539,서준원,LT,873,41.01,50.29
2021,50558,스트레일리,LT,2983,40.43,50.28
2021,65616,이민우,HH,1028,41.54,50.1
2021,62242,윤명준,LT,741,43.05,50.07
2021,64893,박민호,SK,667,42.73,50.07
2021,69113,임준형,KT,391,42.46,49.87
2021,68900,김영규,NC,1061,40.34,49.86
2021,67539,나균안,LT,825,39.52,49.82
2021,68659,김유신,HT,996,41.16,49.8
2021,76757,유원상,KT,227,41.41,49.78
2021,75421,오승환,SS,828,40.46,49.76
2021,65764,김민우,HH,2643,41.39,49.72
2021,50404,뷰캐넌,SS,2997,41.34,49.72
2021,50205,박웅,OB,171,40.35,49.71
2021,69446,원태인,SS,2505,41.12,49.7
2021,68341,안우진,WO,1870,39.41,49.68
2021,79358,강윤구,LT,314,41.4,49.68
2021,65707,주현상,HH,866,40.3,49.54
2021,68419,최채흥,LG,2089,39.88,49.5
2021,67119,고우석,LG,784,39.8,49.49
2021,50040,데스파이네,KT,3379,41.4,49.48
2021,65048,김민수,KT,865,40.46,49.48
2021,64596,김유영,LG,320,43.13,49.38
2021,76329,이현승,OB,314,42.04,49.36
2021,68415,양창섭,SS,280,40.0,49.29
2021,67008,이대은,KT,461,39.05,49.24
2021,51833,가빌리오,SK,1190,41.18,49.16
2021,78148,정찬헌,WO,1848,40.69,49.03
2021,64768,조이현,KT,1073,39.61,49.02
2021,69205,이교훈,OB,145,40.69,48.97
2021,73211,노경은,SK,1066,39.77,48.97
2021,51439,몽고메리,SS,983,40.28,48.93
2021,51136,수아레즈,LG,1930,39.53,48.91
2021,69343,요키시,NC,2702,39.49,48.85
2021,67711,김기탁,HH,211,41.23,48.82
2021,73117,우규민,KT,699,41.2,48.78
2021,60339,김건태,NC,121,33.88,48.76
2021,61101,임찬규,LG,1421,40.18,48.7
2021,78352,임창민,SS,688,38.81,48.69
2021,64017,심재민,LT,713,40.95,48.67
2021,63543,구승민,LT,950,39.58,48.63
2021,69032,쿠에바스,KT,2034,40.41,48.62
2021,68856,최민준,SK,1651,39.61,48.58
2021,63292,박소준,OB,1040,40.58,48.56
2021,51967,파슨스,NC,2354,40.87,48.56
2021,51722,카펜터,HH,2958,39.66,48.51
2021,64001,고영표,KT,2338,39.61,48.5
2021,51594,송재영,LT,299,38.8,48.49
2021,62754,임기영,HT,2506,39.51,48.44
2021,79140,최동환,KT,126,38.89,48.41
2021,50030,소형준,KT,2097,39.77,48.4
2021,65398,임규빈,WO,124,43.55,48.39
2021,77446,백정현,SS,2595,38.61,48.36
2021,51761,배동현,HH,724,39.92,48.34
2021,67419,문용익,KT,389,39.85,48.33
2021,65343,김택형,SK,1148,39.37,48.26
2021,69328,박주성,WO,317,36.59,48.26
2021,51393,김준형,WO,226,40.71,48.23
2021,63950,장현식,LG,1223,38.59,48.16
2021,60146,이승현,SS,345,39.42,48.12
2021,64760,황영국,HH,264,39.77,48.11
2021,68200,김민규,OB,1036,40.15,48.07
2021,60559,박시영,LT,641,39.31,48.05
2021,51636,다카하시,HT,658,37.99,48.02
2021,62655,홍성민,WO,654,39.91,48.01
2021,67421,최지광,SS,828,38.29,47.95
2021,65109,백승현,LG,238,40.76,47.9
2021,65496,홍정우,SS,255,37.65,47.84
2021,61365,김대우,SS,834,39.93,47.84
2021,66018,김선기,WO,765,41.05,47.84
2021,74513,장원준,OB,385,38.18,47.79
2021,51454,이승현,SS,702,37.75,47.72
2021,65392,김정인,WO,610,38.36,47.7
2021,62869,문승원,SK,850,37.29,47.65
2021,63961,윤호솔,LG,780,37.82,47.56
2021,62360,김태훈,SS,996,38.86,47.49
2021,50992,김태경,NC,278,38.49,47.48
2021,51301,김성진,WO,651,38.4,47.47
2021,51668,이승재,HT,474,37.97,47.47
2021,75138,신재웅,SK,154,37.66,47.4
2021,67143,손주영,LG,515,39.81,47.38
2021,69168,이상영,LG,914,38.29,47.37
2021,66630,김현준,HT,359,39.28,47.35
2021,79229,유희관,OB,1217,36.4,47.33
2021,69516,김현수,HT,892,39.24,47.31
2021,67603,이승호,WO,776,38.53,47.29
2021,51648,이의리,HT,1618,38.94,47.28
2021,50859,오원석,KT,2067,38.99,47.27
2021,64580,김재열,NC,559,38.1,47.23
2021,61145,이우찬,LG,622,38.26,47.11
2021,50815,킹험,HH,2376,38.26,47.05
2021,64805,이승진,OB,810,38.02,47.04
2021,72523,고효준,OB,66,39.39,46.97
2021,78247,홍상삼,HT,569,41.65,46.92
2021,64896,서동민,SK,484,40.5,46.9
2021,79545,진명호,LT,444,36.94,46.85
2021,51867,김건우,SK,235,40.0,46.81
2021,60263,이재학,NC,1557,38.6,46.76
2021,61895,서진용,SK,1053,37.99,46.72
2021,63145,배재준,LG,593,38.62,46.71
2021,51060,지명성,KT,60,40.0,46.67
2021,69439,라이블리,SS,613,38.66,46.49
2021,50157,김윤식,LG,1123,37.49,46.48
2021,50905,강태경,NC,239,39.75,46.44
2021,67391,김재웅,WO,907,38.37,46.42
2021,77927,장필준,SS,679,37.11,46.39
2021,76430,김상수,LT,958,36.64,46.35
2021,66960,정수민,SK,611,36.99,46.32
2021,63765,김종수,HH,869,38.09,46.26
2021,63960,이상민,SS,420,35.71,46.19
2021,50126,이민호,LG,1943,38.19,46.17
2021,51460,이재희,SS,390,37.69,46.15
2021,76118,원종현,WO,813,37.64,46.13
2021,77318,장시환,HH,1302,37.63,46.08
2021,63638,박준표,HT,523,39.2,46.08
2021,65769,김범수,HH,1261,36.8,46.07
2021,69703,오동욱,HH,430,36.28,46.05
2021,63894,김사윤,HT,404,36.14,46.04
2021,76350,김세현,SK,113,37.17,46.02
2021,50393,김동욱,WO,50,38.0,46.0
2021,79293,오현택,LT,298,35.91,45.97
2021,68220,곽빈,OB,1855,36.12,45.88
2021,62146,최성훈,SS,654,38.38,45.87
2021,65949,류진욱,NC,759,37.68,45.72
2021,64021,박세웅,LT,2621,37.09,45.71
2021,51715,김기중,HH,1057,38.22,45.7
2021,79847,김태훈,SK,931,36.84,45.65
2021,68556,정성종,LT,191,37.7,45.55
2021,69103,켈리,LG,2852,37.62,45.55
2021,65241,채원후,NC,288,36.11,45.49
2021,68619,윤중현,HT,1390,35.97,45.47
2021,63248,함덕주,LG,374,35.83,45.45
2021,60181,김지용,OB,55,36.36,45.45
2021,65060,주권,KT,682,35.34,45.45
2021,69745,김도현,HT,534,38.58,45.32
2021,67246,김명신,OB,1048,37.79,45.32
2021,66660,남하준,HT,201,36.32,45.27
2021,78517,하준호,KT,208,33.17,45.19
2021,68529,이승헌,LT,1027,37.88,45.18
2021,62528,김원중,LT,897,37.79,45.15
2021,60140,신정락,LT,381,37.01,45.14
2021,51809,조요한,SK,151,35.76,45.03
2021,65516,배제성,KT,2408,36.34,44.85
2021,68403,김윤수,SS,389,35.48,44.73
2021,61411,심창민,LG,947,35.59,44.67
2021,67266,박치국,OB,327,37.0,44.65
2021,66291,이영하,OB,1367,36.65,44.48
2021,63959,임정호,NC,623,34.99,44.46
2021,51586,김창훈,LT,144,39.58,44.44
2021,67646,박진태,HT,1175,35.57,44.43
2021,67313,브리검,WO,840,36.19,44.29
2021,67116,오석주,WO,140,36.43,44.29
2021,68896,이채호,KT,104,36.54,44.23
2021,50813,양선률,SK,52,32.69,44.23
2021,66145,김대현,LG,68,36.76,44.12
2021,50296,조제영,OB,220,36.36,44.09
2021,51516,김진욱,LT,963,35.51,44.03
2021,65639,박정수,OB,589,35.48,43.97
2021,51665,장민기,HT,466,35.41,43.78
2021,76455,차우찬,LG,377,34.48,43.77
2021,62920,노건우,SS,311,32.48,43.73
2021,67048,이정현,KT,124,37.1,43.55
2021,69104,남호,OB,69,36.23,43.48
2021,50203,권휘,OB,405,34.57,43.46
2021,69367,김인범,WO,76,38.16,43.42
2021,62937,신재영,SK,371,36.39,43.4
2021,69813,하재훈,SK,324,35.19,43.21
2021,64498,구준범,SS,51,43.14,43.14
2021,67259,문대원,OB,65,30.77,43.08
2021,51058,한차현,KT,79,40.51,43.04
2021,68260,현도훈,LT,207,33.33,43.0
2021,51334,스미스,WO,184,33.15,42.93
2021,62966,최금강,NC,511,34.83,42.86
2021,63512,박진형,LT,329,35.26,42.86
2021,65117,이상규,HH,131,35.11,42.75
2021,67828,김성민,WO,784,34.06,42.73
2021,64861,이건욱,SK,267,36.7,42.7
2021,50360,김동혁,WO,1268,35.57,42.43
2021,78536,김대우,LT,656,33.84,42.38
2021,62611,임준섭,LT,269,34.57,42.38
2021,69996,노시훈,NC,78,37.18,42.31
2021,51359,장재영,WO,388,33.76,42.01
2021,63103,류원석,HH,115,37.39,41.74
2021,63991,박진우,NC,195,32.82,41.54
2021,67962,소이현,NC,223,28.7,41.26
2021,68703,박주홍,HH,85,35.29,41.18
2021,50650,최용준,KT,158,32.91,41.14
2021,68589,김동우,LT,134,26.87,41.04
2021,69974,배민서,HH,670,32.99,41.04
2021,66305,박승주,WO,78,37.18,41.03
2021,50720,남지민,HH,161,36.02,40.99
2021,63492,이재익,SS,206,31.55,40.78
2021,63749,이충호,HH,320,32.5,40.31
2021,64615,차명진,HT,229,34.06,40.17
2021,76225,김건국,HT,415,33.73,40.0
2021,50036,이강준,WO,191,30.89,39.79
2021,73801,송은범,SS,548,33.21,39.78
2021,69645,장지수,HH,235,31.49,39.15
2021,68797,이승관,HH,187,31.02,39.04
2021,61457,임현준,SS,193,32.12,38.86
2021,51897,조병현,SK,150,33.33,38.67
2021,51546,정우준,LT,114,26.32,38.6
2021,62951,이형범,HT,63,30.16,38.1
2021,50901,안인산,NC,116,26.72,37.07
2021,66160,유재유,OB,81,27.16,37.04
2021,69054,이상동,KT,112,33.04,36.61
2021,60336,문성현,WO,80,31.25,36.25
2021,65964,이우석,WO,159,29.56,35.85
2021,67956,김태현,NC,93,30.11,35.48
2021,79440,정인욱,HH,199,31.66,35.18
2021,61268,양현,SS,813,26.81,35.06
2021,50354,이종민,WO,67,28.36,34.33
2021,51948,이용준,NC,56,19.64,25.0
2022,51863,폰트,SK,2724,50.15,59.73
2022,52637,놀린,HT,1963,48.45,57.72
2022,61156,송윤준,HH,66,51.52,57.58
2022,65643,문경찬,LT,588,47.62,57.14
2022,50030,소형준,KT,2508,46.89,56.66
2022,63492,이재익,SS,503,45.53,56.06
2022,61365,김대우,SS,50,42.0,56.0
2022,64861,이건욱,SK,68,48.53,55.88
2022,52043,벤자민,KT,1445,46.64,55.57
2022,50556,최준용,LT,1002,45.41,54.89
2022,68130,김영준,LG,124,48.39,54.84
2022,52808,모리만도,SK,1149,45.87,54.57
2022,68043,김민,SK,88,47.73,54.55
2022,68902,신민혁,NC,1994,45.69,54.21
2022,77263,김강률,LG,410,44.63,54.15
2022,65048,김민수,KT,1137,44.33,53.83
2022,60768,이태양,HH,1716,43.82,53.73
2022,65056,엄상백,HH,2383,44.69,53.71
2022,65062,김재윤,SS,943,46.02,53.45
2022,50157,김윤식,LG,1781,43.96,53.4
2022,52063,이상우,KT,60,38.33,53.33
2022,52145,플럿코,LG,2581,43.78,53.24
2022,68036,최이준,LT,81,46.91,53.09
2022,79545,진명호,LT,281,46.98,53.02
2022,69940,루친스키,NC,2900,44.34,53.0
2022,75340,전유수,KT,210,41.9,52.86
2022,65933,구창모,NC,1739,43.88,52.85
2022,65616,이민우,HH,784,41.71,52.81
2022,63638,박준표,HT,322,44.41,52.8
2022,52606,파노니,HT,1278,43.27,52.58
2022,52234,스탁,OB,2943,42.51,52.33
2022,50726,한승주,HH,268,42.16,52.24
2022,69620,김기훈,HT,159,42.77,52.2
2022,77637,양현종,HT,2738,43.1,52.19
2022,50411,박주혁,SS,123,43.9,52.03
2022,62951,이형범,HT,515,44.27,51.84
2022,75867,김진성,LG,867,42.68,51.79
2022,50040,데스파이네,KT,2867,43.36,51.76
2022,60146,이승현,SS,828,43.24,51.69
2022,74857,정우람,HH,325,40.62,51.69
2022,68242,정철원,LT,1055,43.41,51.66
2022,50859,오원석,KT,2506,41.82,51.56
2022,52950,더모디,NC,737,43.15,51.56
2022,69103,켈리,LG,2512,42.16,51.55
2022,52557,스파크맨,LT,1554,44.59,51.54
2022,65057,이창재,KT,66,45.45,51.52
2022,52257,브랜든,OB,1099,41.4,51.5
2022,64017,심재민,LT,682,42.23,51.47
2022,78352,임창민,SS,434,43.55,51.38
2022,51895,장지훈,SK,775,42.71,51.35
2022,50404,뷰캐넌,SS,2612,42.15,51.23
2022,51264,최승용,OB,1678,42.25,51.19
2022,63960,이상민,SS,504,42.06,51.19
2022,60140,신정락,LT,715,42.66,51.19
2022,62242,윤명준,LT,421,42.04,51.07
2022,50449,허윤동,SS,997,42.93,51.05
2022,69969,전사민,NC,143,39.16,51.05
2022,60337,김대유,HT,616,42.86,50.97
2022,61643,홍건희,OB,926,41.68,50.97
2022,66630,김현준,HT,259,42.08,50.97
2022,68341,안우진,WO,2974,42.54,50.94
2022,65320,최원태,SS,1801,42.81,50.92
2022,73211,노경은,SK,1265,43.4,50.83
2022,61295,강동연,NC,148,45.95,50.68
2022,78148,정찬헌,WO,1378,42.74,50.65
2022,63628,고영창,HT,310,41.61,50.65
2022,68585,김도규,LT,788,42.77,50.51
2022,52060,박영현,KT,923,42.15,50.49
2022,67539,나균안,LT,1817,40.4,50.36
2022,69446,원태인,SS,2555,41.45,50.33
2022,76430,김상수,LT,177,44.07,50.28
2022,63464,윤대경,HH,1239,40.92,50.2
2022,77446,백정현,SS,1976,41.45,50.2
2022,68220,곽빈,OB,2585,41.32,50.17
2022,50441,황동재,SS,1334,42.13,50.15
2022,64001,고영표,KT,2583,40.34,50.14
2022,62611,임준섭,LT,70,41.43,50.0
2022,67263,최원준,OB,2722,41.95,50.0
2022,67119,고우석,LG,888,41.1,50.0
2022,69343,요키시,NC,2826,40.59,49.96
2022,69134,이정용,LG,885,41.58,49.94
2022,65496,홍정우,SS,393,41.98,49.87
2022,60181,김지용,OB,323,40.25,49.85
2022,62146,최성훈,SS,474,42.19,49.79
2022,51648,이의리,HT,2654,40.28,49.77
2022,69962,송명기,NC,2046,41.89,49.76
2022,66018,김선기,WO,616,38.64,49.68
2022,77829,김광현,SK,2616,41.02,49.62
2022,66741,김재영,HH,510,39.41,49.61
2022,50992,김태경,NC,803,41.34,49.56
2022,51454,이승현,SS,797,41.53,49.56
2022,50126,이민호,LG,2101,40.74,49.55
2022,50558,스트레일리,LT,959,40.46,49.43
2022,69745,김도현,HT,253,40.71,49.41
2022,65949,류진욱,NC,871,39.84,49.37
2022,51230,김동주,OB,308,41.56,49.35
2022,61396,박정준,SS,152,41.45,49.34
2022,72523,고효준,OB,702,40.6,49.29
2022,65665,이준영,HT,749,40.72,49.27
2022,52457,수아레즈,SS,2804,39.59,49.25
2022,64805,이승진,OB,571,39.75,49.21
2022,61145,이우찬,LG,695,37.99,49.21
2022,79140,최동환,KT,728,40.66,49.18
2022,64896,서동민,SK,356,40.17,49.16
2022,66660,남하준,HT,171,40.35,49.12
2022,62363,한현희,LT,1305,40.15,49.12
2022,63765,김종수,HH,786,39.44,49.11
2022,77211,이용찬,NC,895,39.78,48.94
2022,66609,전상현,HT,701,39.8,48.93
2022,64580,김재열,NC,683,42.61,48.9
2022,50205,박웅,OB,113,39.82,48.67
2022,61666,한승혁,HH,1517,40.61,48.65
2022,61101,임찬규,LG,1684,39.9,48.63
2022,69159,정우영,LG,879,41.64,48.58
2022,52731,박준영,HH,235,42.98,48.51
2022,67703,박상원,HH,198,39.39,48.48
2022,60841,박종훈,SK,902,40.91,48.45
2022,50720,남지민,HH,1512,39.88,48.41
2022,68900,김영규,NC,839,39.93,48.39
2022,76118,원종현,WO,842,40.38,48.34
2022,52833,노바,SK,1085,40.28,48.29
2022,60336,문성현,WO,651,39.63,48.23
2022,77318,장시환,HH,1070,40.19,48.22
2022,64047,조현우,KT,195,40.51,48.21
2022,68415,양창섭,SS,475,38.53,48.21
2022,52528,반즈,LT,2961,40.12,48.13
2022,76650,진해수,LT,638,40.75,48.12
2022,52809,전영준,SK,104,41.35,48.08
2022,67266,박치국,OB,171,34.5,47.95
2022,67954,김진호,NC,724,39.36,47.93
2022,64565,이인복,LT,2005,38.0,47.93
2022,64596,김유영,LG,887,38.56,47.8
2022,74513,장원준,OB,266,37.97,47.74
2022,64893,박민호,SK,375,42.67,47.73
2022,63543,구승민,LT,964,38.69,47.72
2022,67143,손주영,LG,281,41.28,47.69
2022,67603,이승호,WO,774,39.66,47.67
2022,65707,주현상,HH,900,41.22,47.67
2022,51359,장재영,WO,319,38.56,47.65
2022,79764,장민재,HH,2024,38.98,47.58
2022,51722,카펜터,HH,411,39.66,47.45
2022,64021,박세웅,LT,2509,38.58,47.43
2022,60559,박시영,LT,253,38.34,47.43
2022,52394,노운현,WO,135,38.52,47.41
2022,51111,송승기,LG,173,38.15,47.4
2022,64029,류희운,HH,211,39.81,47.39
2022,69113,임준형,KT,564,37.41,47.34
2022,68403,김윤수,SS,651,39.78,47.31
2022,60263,이재학,NC,1634,37.64,47.25
2022,62360,김태훈,SS,652,38.5,47.24
2022,68928,김시훈,HT,1442,38.49,47.23
2022,79358,강윤구,LT,341,37.83,47.21
2022,64464,이수민,SS,89,35.96,47.19
2022,50705,강재민,HH,810,39.51,47.16
2022,68619,윤중현,HT,819,33.82,47.13
2022,67391,김재웅,WO,953,38.2,47.11
2022,50464,이승민,SS,85,36.47,47.06
2022,68896,이채호,KT,545,38.53,46.97
2022,68639,하준영,NC,594,40.24,46.97
2022,69762,박윤철,HH,616,38.15,46.92
2022,66493,임대한,SS,235,40.85,46.81
2022,64718,최영환,LT,60,41.67,46.67
2022,65764,김민우,HH,2820,37.87,46.67
2022,51715,김기중,HH,326,36.5,46.63
2022,73117,우규민,KT,710,37.18,46.62
2022,50662,정해영,HT,826,38.14,46.61
2022,65516,배제성,KT,1869,37.88,46.6
2022,52645,로니,HT,837,39.07,46.59
2022,64051,이영준,WO,396,39.14,46.46
2022,65060,주권,KT,747,35.88,46.45
2022,51948,이용준,NC,474,38.4,46.41
2022,62869,문승원,SK,401,37.66,46.38
2022,69539,서준원,LT,1011,37.39,46.29
2022,63248,함덕주,LG,242,38.02,46.28
2022,76329,이현승,OB,145,42.76,46.21
2022,77927,장필준,SS,468,38.03,46.15
2022,63961,윤호솔,LG,765,37.25,46.14
2022,52994,박동수,NC,310,38.39,46.13
2022,63894,김사윤,HT,460,36.3,46.09
2022,61895,서진용,SK,1066,39.12,46.06
2022,73801,송은범,SS,400,36.75,46.0
2022,51809,조요한,SK,298,37.92,45.97
2022,51143,강효종,LG,120,37.5,45.83
2022,65639,박정수,OB,367,36.78,45.78
2022,66064,김태오,KT,94,37.23,45.74
2022,52903,조민석,NC,305,38.03,45.57
2022,63959,임정호,NC,393,38.68,45.55
2022,52639,최지민,HT,145,42.07,45.52
2022,52397,이명종,WO,458,36.03,45.41
2022,62754,임기영,HT,2098,35.94,45.38
2022,67246,김명신,OB,1234,37.68,45.38
2022,68856,최민준,SK,1083,36.38,45.34
2022,52720,페냐,HH,1201,37.3,45.21
2022,66305,박승주,WO,516,37.98,45.16
2022,65343,김택형,SK,959,37.02,45.15
2022,52308,애플러,WO,2419,36.25,45.06
2022,65964,이우석,WO,91,36.26,45.05
2022,51967,파슨스,NC,828,38.65,45.05
2022,65109,백승현,LG,171,37.43,45.03
2022,63950,장현식,LG,851,37.02,45.01
2022,51867,김건우,SK,60,38.33,45.0
2022,78536,김대우,LT,189,33.86,44.97
2022,75421,오승환,SS,839,37.07,44.93
2022,68501,최하늘,SS,555,37.66,44.86
2022,68249,박신지,OB,1213,37.02,44.85
2022,50641,장재혁,HT,67,34.33,44.78
2022,52530,이민석,LT,594,37.37,44.78
2022,68659,김유신,HT,226,35.4,44.69
2022,69204,전루건,NC,179,36.31,44.69
2022,63145,배재준,LG,534,32.77,44.57
2022,52204,이병헌,OB,110,35.45,44.55
2022,67640,유승철,HT,337,37.39,44.51
2022,50203,권휘,OB,212,35.85,44.34
2022,65769,김범수,HH,985,36.04,44.26
2022,66291,이영하,OB,1905,35.8,44.25
2022,66451,최충연,SS,638,34.95,44.2
2022,52707,라미레즈,HH,1064,37.31,44.08
2022,51393,김준형,WO,264,34.09,43.94
2022,51301,김성진,WO,360,36.94,43.89
2022,51994,한재승,HT,241,34.44,43.57
2022,62528,김원중,LT,681,35.24,43.47
2022,51516,김진욱,LT,903,36.1,43.41
2022,60339,김건태,NC,352,35.8,42.9
2022,52206,최지강,OB,56,37.5,42.86
2022,78247,홍상삼,HT,413,33.9,42.62
2022,69213,윤산흠,HH,648,35.03,42.59
2022,78517,하준호,KT,308,33.44,42.21
2022,51713,김규연,HH,300,35.33,42.0
2022,67419,문용익,KT,603,33.17,41.79
2022,64350,하영민,WO,631,33.6,41.68
2022,61411,심창민,LG,166,34.34,41.57
2022,69399,윤정현,WO,496,33.27,41.53
2022,52558,진승현,LT,205,31.71,41.46
2022,52119,허준혁,LG,82,32.93,41.46
2022,79847,김태훈,SK,136,34.56,41.18
2022,50360,김동혁,WO,387,32.04,41.09
2022,52701,문동주,HH,471,32.7,40.98
2022,68092,한두솔,SK,105,31.43,40.95
2022,50815,킹험,HH,345,31.01,40.87
2022,62937,신재영,SK,71,33.8,40.85
2022,69032,쿠에바스,KT,216,35.19,40.74
2022,52149,조원태,LG,65,27.69,40.0
2022,68797,이승관,HH,98,32.65,39.8
2022,68556,정성종,LT,83,36.14,39.76
2022,67454,나원탁,LT,111,31.53,39.64
2022,69328,박주성,WO,229,33.19,39.3
2022,69108,이지강,LG,197,29.44,39.09
2022,52330,주승우,WO,90,33.33,38.89
2022,50036,이강준,WO,204,33.82,38.73
2022,52867,윤태현,SK,53,30.19,37.74
2022,66492,김승현,HT,94,31.91,37.23
2022,52460,김서준,SS,60,31.67,36.67
2022,65411,김주온,LG,66,28.79,36.36
2022,67048,이정현,KT,61,34.43,36.07
2022,61268,양현,SS,559,26.83,35.24
2022,52715,이재민,HH,55,29.09,34.55
2022,63749,이충호,HH,101,28.71,33.66
2022,65844,박세웅,SS,57,22.81,33.33
2022,65058,정성곤,SK,52,25.0,32.69
2022,51257,미란다,OB,224,24.11,32.14
2022,52391,송정인,WO,61,22.95,29.51
2023,65643,문경찬,LT,63,50.79,63.49
2023,64047,조현우,KT,58,53.45,62.07
2023,66145,김대현,LG,84,47.62,59.52
2023,61156,송윤준,HH,67,44.78,58.21
2023,69134,이정용,LG,1422,50.56,58.09
2023,67143,손주영,LG,199,49.75,57.79
2023,50404,뷰캐넌,SS,2993,48.01,57.43
2023,65062,김재윤,SS,901,48.17,57.38
2023,62951,이형범,HT,496,47.38,56.65
2023,52043,벤자민,KT,2637,47.25,56.35
2023,53909,태너,NC,994,46.88,56.24
2023,77263,김강률,LG,449,46.33,55.9
2023,62146,최성훈,SS,65,47.69,55.38
2023,64017,심재민,LT,780,44.1,55.26
2023,53664,앤더슨,HT,1294,46.6,55.18
2023,50720,남지민,HH,659,46.89,55.08
2023,65048,김민수,KT,187,44.39,55.08
2023,69054,이상동,KT,645,44.96,55.04
2023,76118,원종현,WO,349,45.85,55.01
2023,69103,켈리,LG,2755,45.77,54.92
2023,53665,산체스,HT,976,47.44,54.92
2023,65056,엄상백,HH,1869,46.82,54.9
2023,52060,박영현,KT,1155,45.89,54.72
2023,69068,이선우,KT,560,44.46,54.64
2023,53927,와이드너,SS,1868,45.66,54.55
2023,69041,손동현,KT,1060,45.19,54.34
2023,62920,노건우,SS,197,48.73,54.31
2023,68902,신민혁,NC,2134,44.85,54.17
2023,69045,알칸타라,WO,2870,44.95,54.15
2023,53375,후라도,SS,2793,45.18,54.14
2023,50449,허윤동,SS,300,43.0,54.0
2023,77211,이용찬,NC,834,46.04,53.96
2023,68419,최채흥,LG,921,45.06,53.96
2023,68415,양창섭,SS,566,44.35,53.89
2023,60768,이태양,HH,1440,42.64,53.82
2023,67263,최원준,OB,1693,44.83,53.75
2023,64580,김재열,NC,294,46.6,53.74
2023,53312,김건희,WO,54,48.15,53.7
2023,50430,홍원표,SS,56,46.43,53.57
2023,60146,이승현,SS,954,44.86,53.46
2023,63492,이재익,SS,607,44.32,53.38
2023,63960,이상민,SS,349,46.13,53.3
2023,53040,슐서,KT,796,43.59,53.27
2023,65707,주현상,HH,828,44.57,53.26
2023,60337,김대유,HT,463,42.55,53.13
2023,53833,맥카티,SK,2240,44.69,52.95
2023,68830,김정우,OB,136,41.18,52.94
2023,61365,김대우,SS,1030,44.85,52.91
2023,77829,김광현,SK,2758,44.56,52.9
2023,76225,김건국,HT,261,44.83,52.87
2023,52145,플럿코,LG,1910,43.72,52.72
2023,50662,정해영,HT,672,43.9,52.68
2023,69159,정우영,LG,859,45.29,52.62
2023,78148,정찬헌,WO,1063,44.59,52.59
2023,50157,김윤식,LG,1155,42.94,52.47
2023,77637,양현종,HT,2701,43.02,52.46
2023,52457,수아레즈,SS,1729,42.74,52.46
2023,75867,김진성,LG,1051,42.72,52.43
2023,64001,고영표,KT,2410,44.15,52.41
2023,69032,쿠에바스,KT,1613,43.27,52.39
2023,77446,백정현,SS,1597,43.02,52.29
2023,53714,산체스,HH,2118,42.4,52.27
2023,67421,최지광,SS,309,42.39,52.1
2023,53546,윌커슨,LT,1196,43.56,52.09
2023,51264,최승용,OB,1826,43.48,52.03
2023,63464,윤대경,HH,774,42.38,51.94
2023,53825,엘리아스,SK,2114,43.42,51.89
2023,53996,이준호,NC,575,43.13,51.83
2023,50030,소형준,KT,290,38.28,51.72
2023,53734,스미스,HH,58,48.28,51.72
2023,61101,임찬규,LG,2395,42.3,51.69
2023,68900,김영규,NC,838,43.79,51.67
2023,65320,최원태,SS,2524,42.87,51.66
2023,66920,최성영,NC,1119,42.72,51.56
2023,64768,조이현,KT,679,41.38,51.55
2023,62363,한현희,LT,2065,43.2,51.53
2023,68220,곽빈,OB,2070,42.51,51.5
2023,52460,김서준,SS,136,39.71,51.47
2023,51454,이승현,SS,708,42.09,51.41
2023,76650,진해수,LT,298,44.63,51.34
2023,62360,김태훈,SS,939,42.81,51.33
2023,50126,이민호,LG,425,42.59,51.29
2023,63959,임정호,NC,698,41.55,51.15
2023,53913,페디,NC,2704,41.72,51.11
2023,66018,김선기,WO,718,43.45,51.11
2023,65933,구창모,NC,823,41.8,51.03
2023,52701,문동주,HH,2135,42.62,50.91
2023,69962,송명기,NC,1841,41.77,50.73
2023,65060,주권,KT,698,41.12,50.72
2023,51097,김영현,KT,578,42.56,50.69
2023,79140,최동환,KT,649,42.68,50.69
2023,50441,황동재,SS,557,44.7,50.63
2023,74857,정우람,HH,745,40.0,50.6
2023,51715,김기중,HH,935,41.82,50.59
2023,64893,박민호,SK,172,43.02,50.58
2023,65496,홍정우,SS,601,40.43,50.58
2023,67246,김명신,OB,1284,41.43,50.55
2023,50556,최준용,LT,837,43.49,50.54
2023,52606,파노니,HT,1419,41.79,50.53
2023,53006,강건,KT,99,41.41,50.51
2023,68856,최민준,SK,1002,41.12,50.5
2023,53609,곽도규,HT,218,39.91,50.46
2023,68659,김유신,HT,456,41.67,50.44
2023,51648,이의리,HT,2497,40.93,50.42
2023,69969,전사민,NC,266,39.47,50.38
2023,69108,이지강,LG,1177,41.89,50.3
2023,67116,오석주,WO,171,42.11,50.29
2023,67119,고우석,LG,722,42.66,50.28
2023,77927,장필준,SS,360,42.22,50.28
2023,78352,임창민,SS,778,42.67,50.13
2023,52395,윤석원,WO,399,41.35,50.13
2023,51143,강효종,LG,491,41.75,50.1
2023,60263,이재학,NC,1162,41.91,50.09
2023,62869,문승원,SK,1722,42.45,50.06
2023,53645,메디나,HT,953,40.19,50.05
2023,53029,김정운,KT,116,42.24,50.0
2023,51586,김창훈,LT,64,42.19,50.0
2023,51393,김준형,WO,194,42.27,50.0
2023,79764,장민재,HH,1137,40.19,49.96
2023,69446,원태인,SS,2315,41.77,49.89
2023,60336,문성현,WO,467,40.69,49.68
2023,74513,장원준,OB,691,39.07,49.64
2023,67539,나균안,LT,2301,42.07,49.63
2023,63749,이충호,HH,127,39.37,49.61
2023,51230,김동주,OB,1363,41.01,49.6
2023,68896,이채호,KT,456,43.64,49.56
2023,66291,이영하,OB,670,40.6,49.55
2023,61643,홍건희,OB,939,40.68,49.52
2023,68341,안우진,WO,2381,40.91,49.52
2023,73117,우규민,KT,609,40.23,49.43
2023,69839,백승건,SK,666,40.69,49.4
2023,60841,박종훈,SK,1640,39.63,49.33
2023,63638,박준표,HT,428,40.42,49.3
2023,50705,강재민,HH,710,41.13,49.3
2023,77318,장시환,HH,560,41.43,49.29
2023,53455,이호성,SS,282,42.91,49.29
2023,52639,최지민,HT,877,41.39,49.26
2023,66741,김재영,HH,134,41.79,49.25
2023,65949,류진욱,NC,981,40.47,49.24
2023,50859,오원석,KT,2491,40.95,49.22
2023,65109,백승현,LG,612,40.85,49.18
2023,63950,장현식,LG,779,40.56,49.17
2023,50558,스트레일리,LT,1425,40.56,49.12
2023,52330,주승우,WO,365,42.74,49.04
2023,69360,조영건,WO,102,47.06,49.02
2023,52397,이명종,WO,1055,41.61,49.0
2023,53613,윤영철,HT,2069,41.37,48.96
2023,75421,오승환,SS,855,40.58,48.89
2023,52528,반즈,LT,2614,40.02,48.89
2023,73211,노경은,SK,1338,40.06,48.88
2023,68036,최이준,LT,520,39.62,48.65
2023,67266,박치국,OB,831,39.59,48.62
2023,68043,김민,SK,536,40.86,48.51
2023,66609,전상현,HT,859,39.81,48.43
2023,53139,박명근,LG,849,40.52,48.41
2023,53233,딜런,OB,180,43.89,48.33
2023,67703,박상원,HH,971,39.96,48.3
2023,67954,김진호,NC,292,38.01,48.29
2023,61666,한승혁,HH,680,40.29,48.24
2023,52903,조민석,NC,531,37.29,48.21
2023,51948,이용준,NC,1335,38.95,48.09
2023,65764,김민우,HH,925,39.57,48.0
2023,65665,이준영,HT,569,39.54,47.98
2023,53898,송영진,SK,892,37.67,47.98
2023,61895,서진용,SK,1068,37.92,47.94
2023,52641,황동하,HT,578,39.79,47.92
2023,62611,임준섭,LT,620,39.03,47.74
2023,50106,유영찬,LG,1094,39.76,47.71
2023,64021,박세웅,LT,2464,39.16,47.61
2023,50995,정구범,NC,282,40.07,47.52
2023,52720,페냐,HH,2678,39.54,47.42
2023,52204,이병헌,OB,475,37.05,47.37
2023,51516,김진욱,LT,742,40.43,47.3
2023,67391,김재웅,WO,920,39.13,47.28
2023,64805,이승진,OB,55,40.0,47.27
2023,64718,최영환,LT,237,36.29,47.26
2023,68556,정성종,LT,347,37.46,47.26
2023,65769,김범수,HH,991,39.05,47.23
2023,68848,조성훈,WO,125,40.0,47.2
2023,68242,정철원,LT,1113,38.1,47.17
2023,64029,류희운,HH,70,31.43,47.14
2023,53322,맥키니,WO,1083,39.24,47.09
2023,67956,김태현,NC,308,38.96,47.08
2023,65516,배제성,KT,2293,38.77,47.06
2023,53892,이로운,SK,1020,38.24,47.06
2023,52873,신헌민,SK,238,42.44,47.06
2023,50726,한승주,HH,1243,40.06,46.98
2023,68249,박신지,OB,494,40.08,46.96
2023,69974,배민서,HH,115,43.48,46.96
2023,51994,한재승,HT,164,39.02,46.95
2023,62242,윤명준,LT,356,40.45,46.91
2023,62263,변시원,WO,113,36.28,46.9
2023,66305,박승주,WO,452,37.83,46.9
2023,51359,장재영,WO,1511,37.86,46.86
2023,68928,김시훈,HT,912,38.27,46.82
2023,64350,하영민,WO,855,37.66,46.67
2023,63248,함덕주,LG,851,38.9,46.65
2023,65058,정성곤,SK,88,38.64,46.59
2023,68585,김도규,LT,531,39.17,46.52
2023,63543,구승민,LT,1090,36.24,46.51
2023,69168,이상영,LG,196,37.76,46.43
2023,60140,신정락,LT,446,37.67,46.41
2023,64565,이인복,LT,626,37.54,46.33
2023,69620,김기훈,HT,691,38.64,46.31
2023,51301,김성진,WO,770,37.4,46.23
2023,69343,요키시,NC,1091,38.96,46.2
2023,65616,이민우,HH,197,35.53,46.19
2023,68639,하준영,NC,821,39.1,46.16
2023,62754,임기영,HT,1160,37.41,46.12
2023,50354,이종민,WO,282,40.43,46.1
2023,72523,고효준,OB,1124,37.72,46.09
2023,65117,이상규,HH,152,41.45,46.05
2023,68501,최하늘,SS,148,35.81,45.95
2023,51526,우강훈,LG,109,40.37,45.87
2023,76430,김상수,LT,792,34.6,45.83
2023,66047,박세진,KT,327,37.0,45.57
2023,61145,이우찬,LG,595,39.16,45.55
2023,50360,김동혁,WO,739,36.81,45.47
2023,52257,브랜든,OB,1501,36.11,45.3
2023,68619,윤중현,HT,369,37.4,45.26
2023,64861,이건욱,SK,668,37.43,45.06
2023,53562,이진하,LT,160,36.25,45.0
2023,69539,서준원,LT,78,37.18,44.87
2023,62528,김원중,LT,925,37.19,44.86
2023,66451,최충연,SS,208,40.87,44.71
2023,66492,김승현,HT,260,40.0,44.62
2023,69594,박진,LT,113,37.17,44.25
2023,67603,이승호,WO,154,35.06,44.16
2023,52206,최지강,OB,415,32.05,44.1
2023,68200,김민규,OB,152,38.82,44.08
2023,78517,하준호,KT,241,33.2,43.98
2023,66064,김태오,KT,131,37.4,43.51
2023,69047,전용주,KT,154,35.71,43.51
2023,51460,이재희,SS,143,35.66,43.36
2023,66201,고봉재,OB,254,34.65,43.31
2023,52558,진승현,LT,497,34.41,43.06
2023,62655,홍성민,WO,75,33.33,42.67
2023,67467,김시현,SS,61,40.98,42.62
2023,51713,김규연,HH,336,32.44,42.26
2023,53594,이태연,LT,202,34.16,42.08
2023,61268,양현,SS,905,33.48,41.99
2023,63961,윤호솔,LG,86,31.4,41.86
2023,69762,박윤철,HH,77,37.66,41.56
2023,52868,이기순,SK,63,31.75,41.27
2023,65639,박정수,OB,506,31.62,40.91
2023,65241,채원후,NC,52,30.77,40.38
2023,53262,김유성,OB,164,32.32,40.24
2023,53300,오상원,WO,315,34.29,40.0
2023,53298,백승우,OB,85,28.24,40.0
2023,67419,문용익,KT,232,30.6,39.66
2023,53164,김동규,WO,149,31.54,39.6
2023,53754,김서현,HH,464,30.39,39.01
2023,52530,이민석,LT,101,33.66,38.61
2023,52731,박준영,HH,91,29.67,37.36
2023,53560,석상호,LT,90,32.22,36.67
2023,69213,윤산흠,HH,86,30.23,36.05
2023,68269,김호준,OB,59,27.12,35.59
2023,61411,심창민,LG,62,29.03,30.65
2023,69399,윤정현,WO,98,24.49,30.61
2023,53596,장세진,LT,64,28.13,28.13
2024,65496,홍정우,SS,63,49.21,53.97
2024,73117,우규민,KT,655,45.34,53.89
2024,65056,엄상백,HH,2820,45.14,53.76
2024,67962,소이현,NC,54,42.59,53.7
2024,52873,신헌민,SK,146,47.95,53.42
2024,65411,김주온,LG,118,41.53,53.39
2024,78148,정찬헌,WO,171,48.54,53.22
2024,54452,코너,SS,2721,44.54,53.07
2024,77446,백정현,SS,1416,43.64,53.04
2024,68902,신민혁,NC,2103,43.94,52.97
2024,61365,김대우,SS,563,43.34,52.58
2024,51715,김기중,HH,1093,44.01,52.52
2024,52330,주승우,WO,724,42.68,52.49
2024,52060,박영현,KT,1208,43.29,52.48
2024,51264,최승용,OB,446,42.6,52.24
2024,54768,조동욱,HH,712,43.4,51.83
2024,53375,후라도,SS,2973,41.98,51.77
2024,53546,윌커슨,LT,3168,41.57,51.45
2024,77637,양현종,HT,2613,42.75,51.28
2024,53825,엘리아스,SK,2054,42.36,51.22
2024,60337,김대유,HT,470,42.13,51.06
2024,54134,엔스,LG,3047,41.58,50.97
2024,65707,주현상,HH,1013,41.95,50.84
2024,76715,류현진,HH,2628,41.78,50.8
2024,53714,산체스,HH,1101,41.6,50.77
2024,69645,장지수,HH,313,39.62,50.48
2024,53139,박명근,LG,421,40.62,50.36
2024,54064,육청명,KT,737,42.2,50.34
2024,52395,윤석원,WO,348,38.51,50.29
2024,67143,손주영,LG,2569,42.16,50.29
2024,60146,이승현,SS,1132,41.7,50.27
2024,51154,김진수,LG,215,42.79,50.23
2024,62363,한현희,LT,1310,40.92,50.23
2024,54720,바리아,HH,1621,41.02,50.22
2024,65764,김민우,HH,247,43.32,50.2
2024,65062,김재윤,SS,1046,41.2,50.19
2024,62951,이형범,HT,347,40.35,50.14
2024,65048,김민수,KT,1373,40.57,50.04
2024,54755,와이스,HH,1430,40.98,50.0
2024,77927,장필준,SS,100,42.0,50.0
2024,54608,김민재,HT,84,40.48,50.0
2024,50393,김동욱,WO,534,41.95,50.0
2024,63292,박소준,OB,96,45.83,50.0
2024,75867,김진성,LG,1069,39.66,49.86
2024,69045,알칸타라,WO,1179,40.12,49.62
2024,51895,장지훈,SK,341,38.12,49.56
2024,77263,김강률,LG,731,38.99,49.52
2024,54063,원상현,KT,1326,41.63,49.47
2024,69103,켈리,LG,1959,40.48,49.46
2024,54930,하트,NC,2611,40.18,49.33
2024,65320,최원태,SS,2122,39.82,49.2
2024,63492,이재익,SS,246,38.21,49.19
2024,62146,최성훈,SS,281,34.88,49.11
2024,69594,박진,LT,839,40.05,49.11
2024,51230,김동주,OB,978,40.08,49.08
2024,54354,헤이수스,KT,2863,39.54,49.07
2024,64565,이인복,LT,689,42.53,49.06
2024,68043,김민,SK,1156,38.84,49.05
2024,66920,최성영,NC,826,39.71,49.03
2024,69032,쿠에바스,KT,2919,39.91,48.92
2024,54664,알드레드,HT,740,39.46,48.92
2024,64893,박민호,SK,360,40.56,48.89
2024,67956,김태현,NC,217,37.79,48.85
2024,52397,이명종,WO,215,41.86,48.84
2024,65117,이상규,HH,588,38.1,48.81
2024,51897,조병현,SK,1203,40.07,48.79
2024,69041,손동현,KT,814,40.29,48.77
2024,50556,최준용,LT,400,40.5,48.75
2024,68036,최이준,LT,524,39.89,48.66
2024,54666,라우어,HT,623,40.77,48.64
2024,64350,하영민,WO,2482,40.53,48.63
2024,78352,임창민,SS,1023,40.08,48.58
2024,54913,김민규,NC,105,40.95,48.57
2024,64861,이건욱,SK,538,37.73,48.51
2024,54119,에르난데스,LG,771,38.0,48.51
2024,54243,발라조빅,OB,1062,39.27,48.49
2024,61101,임찬규,LG,2288,39.16,48.38
2024,62360,김태훈,SS,860,40.35,48.37
2024,65616,이민우,HH,943,39.24,48.36
2024,54920,카스타노,NC,1800,39.44,48.33
2024,76225,김건국,HT,546,39.74,48.17
2024,52701,문동주,HH,1935,39.84,48.17
2024,64001,고영표,KT,1630,40.74,48.16
2024,69205,이교훈,OB,611,40.59,48.12
2024,69360,조영건,WO,732,39.89,48.09
2024,51097,김영현,KT,152,41.45,48.03
2024,63959,임정호,NC,904,38.05,48.01
2024,50464,이승민,SS,988,39.47,47.98
2024,63342,조상우,HT,640,40.47,47.97
2024,60768,이태양,HH,236,41.1,47.88
2024,51454,이승현,SS,1571,37.87,47.87
2024,66047,박세진,KT,140,36.43,47.86
2024,60841,박종훈,SK,802,40.77,47.63
2024,54615,스타우트,HT,324,40.74,47.53
2024,73801,송은범,SS,101,35.64,47.52
2024,54640,네일,HT,2568,39.29,47.51
2024,69367,김인범,WO,1080,39.91,47.5
2024,51948,이용준,NC,685,38.1,47.45
2024,69054,이상동,KT,586,38.23,47.44
2024,65949,류진욱,NC,782,37.34,47.44
2024,50812,박시후,SK,232,40.09,47.41
2024,69446,원태인,SS,2709,38.61,47.32
2024,54304,박범준,WO,110,38.18,47.27
2024,50203,권휘,OB,199,38.19,47.24
2024,52043,벤자민,KT,2548,38.46,47.17
2024,68220,곽빈,OB,2908,37.62,47.15
2024,53455,이호성,SS,1071,36.88,47.15
2024,53996,이준호,NC,1103,37.9,47.14
2024,50354,이종민,WO,743,39.7,47.11
2024,76650,진해수,LT,482,41.7,47.1
2024,61268,양현,SS,223,38.12,47.09
2024,79764,장민재,HH,510,36.27,47.06
2024,64021,박세웅,LT,2908,38.45,47.01
2024,50106,유영찬,LG,996,37.85,46.99
2024,51526,우강훈,LG,247,37.25,46.96
2024,60263,이재학,NC,1910,38.74,46.96
2024,54561,전미르,LT,656,35.82,46.95
2024,52641,황동하,HT,1932,37.99,46.89
2024,77829,김광현,SK,2875,38.37,46.85
2024,76430,김상수,LT,1135,38.41,46.78
2024,67263,최원준,OB,1973,38.22,46.78
2024,64768,조이현,KT,665,37.44,46.77
2024,54900,임상현,NC,655,40.0,46.72
2024,67539,나균안,LT,1590,37.8,46.6
2024,68260,현도훈,LT,191,37.17,46.6
2024,54843,시라카와,OB,1055,38.29,46.54
2024,68900,김영규,NC,664,35.54,46.54
2024,67703,박상원,HH,1077,37.7,46.52
2024,60559,박시영,LT,443,37.7,46.5
2024,69068,이선우,KT,185,36.22,46.49
2024,51994,한재승,HT,827,38.69,46.43
2024,50662,정해영,HT,752,38.3,46.41
2024,50206,최종인,OB,222,34.23,46.4
2024,62869,문승원,SK,1009,37.36,46.38
2024,63960,이상민,SS,419,36.28,46.3
2024,50859,오원석,KT,2245,38.13,46.28
2024,60336,문성현,WO,735,37.01,46.26
2024,66609,전상현,HT,1026,38.69,46.2
2024,53609,곽도규,HT,1046,36.71,46.18
2024,68092,한두솔,SK,1066,38.18,46.15
2024,65522,김강현,LT,453,38.19,46.14
2024,51516,김진욱,LT,1652,37.89,46.13
2024,69962,송명기,NC,722,36.98,46.12
2024,50109,성재헌,KT,579,38.0,46.11
2024,52528,반즈,LT,2434,37.88,46.1
2024,53301,박윤성,WO,293,37.88,46.08
2024,66018,김선기,WO,1404,37.46,45.94
2024,54319,김윤하,WO,1245,36.87,45.94
2024,51713,김규연,HH,1023,36.85,45.94
2024,54443,레예스,SS,2596,36.29,45.92
2024,63894,김사윤,HT,704,38.64,45.88
2024,68928,김시훈,HT,1875,37.71,45.87
2024,67246,김명신,OB,637,37.21,45.84
2024,51648,이의리,HT,384,37.24,45.83
2024,53259,최준호,OB,1235,37.89,45.83
2024,69745,김도현,HT,1295,36.99,45.79
2024,54263,김택연,OB,1164,36.08,45.79
2024,50904,이종준,LG,494,35.63,45.75
2024,69343,요키시,NC,763,35.91,45.74
2024,65060,주권,KT,972,36.32,45.68
2024,67116,오석주,WO,289,35.64,45.67
2024,67266,박치국,OB,815,38.04,45.64
2024,53898,송영진,SK,1852,37.47,45.63
2024,54537,정현수,LT,443,36.57,45.6
2024,75421,오승환,SS,959,36.5,45.57
2024,68419,최채흥,LG,349,38.4,45.56
2024,50360,김동혁,WO,436,36.24,45.41
2024,69620,김기훈,HT,390,35.9,45.38
2024,64580,김재열,NC,1104,37.14,45.38
2024,50441,황동재,SS,704,36.65,45.31
2024,67365,양지율,WO,321,37.07,45.17
2024,68130,김영준,LG,317,36.28,45.11
2024,68249,박신지,OB,213,36.15,45.07
2024,50726,한승주,HH,536,36.75,44.96
2024,53613,윤영철,HT,1572,35.88,44.85
2024,52558,진승현,LT,87,39.08,44.83
2024,54148,진우영,LG,145,37.24,44.83
2024,69108,이지강,LG,998,34.37,44.79
2024,66492,김승현,HT,288,35.76,44.79
2024,50157,김윤식,LG,67,38.81,44.78
2024,69113,임준형,KT,248,32.66,44.76
2024,53262,김유성,OB,604,37.42,44.7
2024,67391,김재웅,WO,408,35.54,44.61
2024,54729,황준서,HH,1444,36.5,44.6
2024,77318,장시환,HH,618,38.03,44.5
2024,50711,김승일,HH,54,31.48,44.44
2024,53754,김서현,HH,709,38.22,44.43
2024,61895,서진용,SK,770,34.94,44.42
2024,63543,구승민,LT,1083,35.09,44.41
2024,52204,이병헌,OB,1097,37.37,44.39
2024,54833,앤더슨,SK,2030,36.11,44.38
2024,62611,임준섭,LT,257,35.41,44.36
2024,77211,이용찬,NC,967,35.78,44.36
2024,52257,브랜든,OB,1312,36.05,44.36
2024,68896,이채호,KT,149,38.26,44.3
2024,79140,최동환,KT,443,34.76,44.24
2024,69516,김현수,HT,104,32.69,44.23
2024,72523,고효준,OB,491,36.46,44.2
2024,64995,배재환,NC,369,34.69,44.17
2024,64596,김유영,LG,854,35.6,44.15
2024,53892,이로운,SK,1105,36.65,44.07
2024,67421,최지광,SS,618,36.08,43.85
2024,61145,이우찬,LG,696,36.06,43.68
2024,54368,김연주,WO,552,35.51,43.66
2024,52720,페냐,HH,857,36.06,43.64
2024,51110,이믿음,LG,94,37.23,43.62
2024,69969,전사민,NC,452,34.07,43.58
2024,69159,정우영,LG,365,32.05,43.56
2024,52530,이민석,LT,613,36.87,43.56
2024,51594,송재영,LT,154,38.96,43.51
2024,68269,김호준,OB,267,37.45,43.45
2024,65109,백승현,LG,546,34.98,43.41
2024,53006,강건,KT,159,33.96,43.4
2024,52206,최지강,OB,855,34.97,43.39
2024,69047,전용주,KT,127,40.16,43.31
2024,68242,정철원,LT,650,33.85,43.23
2024,73211,노경은,SK,1273,33.78,43.21
2024,61643,홍건희,OB,940,35.11,43.19
2024,65665,이준영,HT,660,33.94,43.18
2024,65639,박정수,OB,542,36.53,43.17
2024,65241,채원후,NC,102,37.25,43.14
2024,63950,장현식,LG,1255,34.18,43.11
2024,68501,최하늘,SS,650,35.54,43.08
2024,63248,함덕주,LG,193,34.2,43.01
2024,68585,김도규,LT,114,35.09,42.98
2024,54362,전준표,WO,568,34.86,42.96
2024,54404,육선엽,SS,357,34.17,42.58
2024,66305,박승주,WO,261,30.27,42.53
2024,50030,소형준,KT,120,37.5,42.5
2024,52639,최지민,HT,876,34.7,42.47
2024,69168,이상영,LG,318,37.11,42.45
2024,51058,한차현,KT,451,34.37,42.35
2024,62528,김원중,LT,1091,34.65,42.35
2024,66145,김대현,LG,539,35.06,42.3
2024,66068,서의태,NC,201,35.32,42.29
2024,62754,임기영,HT,911,34.8,42.26
2024,68200,김민규,OB,483,33.95,42.24
2024,66291,이영하,OB,1211,34.85,42.11
2024,67828,김성민,WO,680,33.97,41.91
2024,61666,한승혁,HH,1206,33.91,41.87
2024,69399,윤정현,WO,60,31.67,41.67
2024,63749,이충호,HH,72,30.56,41.67
2024,63464,윤대경,HH,137,33.58,41.61
2024,63512,박진형,LT,149,36.24,41.61
2024,54804,더거,SK,519,33.14,41.23
2024,63961,윤호솔,LG,153,34.64,41.18
2024,52868,이기순,SK,479,35.49,40.92
2024,54149,정지헌,LG,308,28.9,40.91
2024,50596,홍민기,LT,103,31.07,40.78
2024,68856,최민준,SK,840,32.74,40.48
2024,68403,김윤수,SS,99,33.33,40.4
2024,53973,목지훈,NC,224,31.25,40.18
2024,54903,최우석,NC,127,30.71,40.16
2024,65343,김택형,SK,130,32.31,40.0
2024,54612,크로우,HT,845,31.48,40.0
2024,69839,백승건,SK,216,32.87,39.81
2024,63638,박준표,HT,136,32.35,39.71
2024,50430,홍원표,SS,125,33.6,39.2
2024,65769,김범수,HH,658,32.52,39.06
2024,50720,남지민,HH,67,34.33,38.81
2024,51546,정우준,LT,128,30.47,38.28
2024,54363,손현기,WO,292,28.42,37.67
2024,68619,윤중현,HT,285,28.42,37.19
2024,67640,유승철,HT,98,26.53,36.73
2024,69204,전루건,NC,151,26.49,36.42
2024,76118,원종현,WO,55,27.27,36.36
2024,53919,신영우,NC,336,28.57,35.71
2024,54645,김민주,HT,96,32.29,35.42
2024,67419,문용익,KT,403,28.04,34.99
2024,51665,장민기,HT,62,27.42,33.87
2024,54401,김대호,SS,85,25.88,32.94
2024,54904,손주환,NC,72,27.78,29.17
2025,64768,조이현,KT,175,53.71,63.43
2025,65933,구창모,NC,231,51.95,61.04
2025,62363,한현희,LT,168,47.62,57.14
2025,50030,소형준,KT,2271,46.59,56.1
2025,75421,오승환,SS,192,41.67,54.69
2025,51154,김진수,LG,88,48.86,54.55
2025,55138,코엔 윈,LG,420,46.43,54.05
2025,55568,박세현,LT,75,44.0,53.33
2025,55239,잭로그,OB,2782,44.5,52.95
2025,55032,패트릭,KT,947,43.82,52.8
2025,55130,톨허스트,LG,713,42.5,52.45
2025,52202,윤태호,OB,277,42.6,52.35
2025,68619,윤중현,HT,138,46.38,52.17
2025,69045,알칸타라,WO,1750,41.49,51.94
2025,68092,한두솔,SK,645,40.47,51.78
2025,73117,우규민,KT,612,42.48,51.47
2025,67143,손주영,LG,2609,42.2,51.32
2025,68902,신민혁,NC,2360,42.8,51.27
2025,62951,이형범,HT,199,39.7,51.26
2025,78352,임창민,SS,320,42.19,51.25
2025,75867,김진성,LG,1156,41.7,51.21
2025,55215,양재훈,OB,338,40.53,51.18
2025,65062,김재윤,SS,878,41.69,51.14
2025,69446,원태인,SS,2445,42.37,51.12
2025,55342,메르세데스,WO,756,42.2,51.06
2025,52395,윤석원,WO,592,41.22,51.01
2025,54119,에르난데스,LG,1275,43.14,50.75
2025,69969,전사민,NC,1343,41.33,50.71
2025,60337,김대유,HT,170,42.94,50.59
2025,69041,손동현,KT,941,42.93,50.48
2025,55743,정우주,HH,995,42.71,50.45
2025,55046,박건우,KT,113,44.25,50.44
2025,68220,곽빈,OB,1853,41.23,50.4
2025,54503,박준우,LT,264,39.77,50.38
2025,51897,조병현,SK,1005,41.09,50.15
2025,66609,전상현,HT,954,39.73,50.1
2025,50464,이승민,SS,1008,42.56,50.1
2025,68415,양창섭,SS,1011,41.15,50.05
2025,65320,최원태,SS,2240,40.85,49.87
2025,69516,김현수,HT,277,37.91,49.82
2025,54640,네일,HT,2578,40.77,49.81
2025,51715,김기중,HH,253,39.13,49.8
2025,53375,후라도,SS,2997,40.61,49.65
2025,65516,배제성,KT,504,41.27,49.6
2025,61101,임찬규,LG,2529,40.45,49.58
2025,55912,로건,NC,3086,40.83,49.55
2025,55903,라일리,NC,3025,41.26,49.55
2025,65048,김민수,KT,739,41.27,49.53
2025,54610,성영탁,HT,713,42.08,49.51
2025,55633,올러,HT,2605,40.42,49.48
2025,60768,이태양,HH,188,39.36,49.47
2025,69134,이정용,LG,562,41.64,49.29
2025,51264,최승용,OB,2091,40.08,49.26
2025,53262,김유성,OB,471,42.25,49.26
2025,54443,레예스,SS,834,37.89,49.16
2025,55536,데이비슨,LT,2197,41.28,49.07
2025,68639,하준영,NC,108,37.96,49.07
2025,54537,정현수,LT,814,38.45,49.02
2025,69054,이상동,KT,657,39.88,49.01
2025,69328,박주성,WO,853,40.09,49.0
2025,50556,최준용,LT,825,39.15,48.97
2025,62869,문승원,SK,1856,38.69,48.92
2025,55532,감보아,LT,1825,39.73,48.88
2025,64580,김재열,NC,397,40.05,48.87
2025,55730,폰세,HH,2964,39.74,48.85
2025,79140,최동환,KT,348,41.09,48.85
2025,67703,박상원,HH,1086,41.99,48.8
2025,76715,류현진,HH,2295,39.78,48.8
2025,64350,하영민,WO,2599,39.75,48.79
2025,54354,헤이수스,KT,2710,39.67,48.78
2025,55348,웰스,WO,324,41.67,48.77
2025,77446,백정현,SS,587,39.35,48.55
2025,53892,이로운,SK,1263,40.7,48.54
2025,55146,치리노스,LG,2921,39.82,48.51
2025,53301,박윤성,WO,887,38.67,48.48
2025,52641,황동하,HT,655,38.02,48.4
2025,54904,손주환,NC,795,40.63,48.3
2025,52060,박영현,KT,1145,40.0,48.3
2025,69745,김도현,HT,2172,39.87,48.25
2025,54803,최현석,SK,280,38.93,48.21
2025,68242,정철원,LT,1093,39.43,48.03
2025,63960,이상민,SS,50,34.0,48.0
2025,65117,이상규,HH,198,39.9,47.98
2025,53455,이호성,SS,978,38.96,47.96
2025,76118,원종현,WO,874,37.87,47.94
2025,68419,최채흥,LG,532,39.29,47.93
2025,52528,반즈,LT,837,40.74,47.91
2025,65056,엄상백,HH,1650,38.36,47.88
2025,52809,전영준,SK,934,38.87,47.75
2025,64021,박세웅,LT,2814,39.34,47.69
2025,77637,양현종,HT,2605,38.93,47.68
2025,55855,화이트,SK,2133,38.63,47.68
2025,55301,이준우,WO,460,40.65,47.61
2025,54833,앤더슨,SK,2887,39.73,47.59
2025,53898,송영진,SK,1102,39.2,47.55
2025,68896,이채호,KT,183,41.53,47.54
2025,69620,김기훈,HT,482,40.25,47.51
2025,54755,와이스,HH,2949,38.32,47.51
2025,55268,최민석,OB,1326,38.39,47.44
2025,51454,이승현,SS,1917,38.55,47.42
2025,52903,조민석,NC,251,36.65,47.41
2025,67266,박치국,OB,956,37.66,47.38
2025,50859,오원석,KT,2266,37.95,47.31
2025,51594,송재영,LT,500,39.4,47.2
2025,65707,주현상,HH,789,35.49,47.15
2025,52701,문동주,HH,1977,39.5,47.09
2025,54729,황준서,HH,988,38.97,47.06
2025,51546,정우준,LT,51,39.22,47.06
2025,65949,류진욱,NC,1000,38.0,47.0
2025,69213,윤산흠,HH,266,40.23,46.99
2025,55322,로젠버그,WO,1380,38.48,46.96
2025,69594,박진,LT,1246,37.56,46.95
2025,77263,김강률,LG,211,38.39,46.92
2025,65060,주권,KT,648,39.04,46.91
2025,51111,송승기,LG,2556,38.54,46.91
2025,73211,노경은,SK,1091,38.86,46.84
2025,52995,김녹원,NC,1286,37.64,46.73
2025,67116,오석주,WO,989,37.11,46.71
2025,76225,김건국,HT,837,39.31,46.71
2025,60146,이승현,SS,647,36.63,46.68
2025,66451,최충연,SS,60,40.0,46.67
2025,77829,김광현,SK,2615,37.21,46.54
2025,67539,나균안,LT,2437,39.27,46.53
2025,69360,조영건,WO,1301,39.2,46.5
2025,69047,전용주,KT,284,39.08,46.48
2025,65665,이준영,HT,525,37.52,46.48
2025,68928,김시훈,HT,482,36.72,46.47
2025,64001,고영표,KT,2611,37.34,46.42
2025,67048,이정현,KT,97,39.18,46.39
2025,55460,가라비토,SS,1352,37.94,46.38
2025,65522,김강현,LT,1128,37.68,46.37
2025,50662,정해영,HT,1033,37.17,46.27
2025,50596,홍민기,LT,497,37.22,46.08
2025,55526,벨라스케즈,LT,645,38.45,46.05
2025,67828,김성민,WO,402,40.05,46.02
2025,50705,강재민,HH,87,35.63,45.98
2025,68856,최민준,SK,1226,36.79,45.92
2025,62360,김태훈,SS,1150,36.87,45.91
2025,76430,김상수,LT,665,36.54,45.86
2025,53139,박명근,LG,611,35.84,45.83
2025,50650,최용준,KT,118,35.59,45.76
2025,65343,김택형,SK,326,39.57,45.71
2025,54319,김윤하,WO,1762,36.95,45.63
2025,68043,김민,SK,915,36.07,45.46
2025,63543,구승민,LT,165,36.97,45.45
2025,55267,홍민규,OB,626,38.82,45.37
2025,54768,조동욱,HH,1085,37.97,45.35
2025,66920,최성영,NC,973,38.13,45.32
2025,50812,박시후,SK,894,36.69,45.3
2025,51867,김건우,SK,1320,37.73,45.3
2025,63492,이재익,SS,159,38.99,45.28
2025,63950,장현식,LG,818,36.06,45.23
2025,68900,김영규,NC,712,35.96,45.22
2025,61666,한승혁,HH,965,36.89,45.18
2025,69108,이지강,LG,948,36.71,45.15
2025,63765,김종수,HH,1048,37.6,45.13
2025,63248,함덕주,LG,404,35.89,45.05
2025,55257,콜어빈,OB,2628,35.81,45.05
2025,62754,임기영,HT,260,36.15,45.0
2025,54063,원상현,KT,1030,36.41,44.95
2025,52530,이민석,LT,1610,35.59,44.91
2025,51460,이재희,SS,147,38.78,44.9
2025,52330,주승우,WO,681,35.68,44.79
2025,68830,김정우,OB,364,34.62,44.78
2025,55300,손힘찬,WO,76,36.84,44.74
2025,55313,정현우,WO,1662,35.38,44.65
2025,53609,곽도규,HT,121,37.19,44.63
2025,50430,홍원표,SS,74,33.78,44.59
2025,52639,최지민,HT,1036,37.16,44.59
2025,55764,권민규,HH,155,38.06,44.52
2025,73801,송은범,SS,173,29.48,44.51
2025,63342,조상우,HT,1052,35.55,44.49
2025,54368,김연주,WO,1003,35.89,44.27
2025,69113,임준형,KT,165,39.39,44.24
2025,53613,윤영철,HT,981,36.49,44.24
2025,53973,목지훈,NC,1226,35.07,44.21
2025,67246,김명신,OB,240,35.0,44.17
2025,55167,김영우,LG,981,36.29,44.14
2025,69032,쿠에바스,KT,1819,35.46,44.09
2025,67263,최원준,OB,1886,35.79,44.01
2025,55455,배찬승,SS,953,35.47,43.97
2025,51526,우강훈,LG,230,36.52,43.91
2025,68249,박신지,OB,964,35.79,43.88
2025,50036,이강준,WO,482,35.89,43.78
2025,66018,김선기,WO,1389,35.71,43.77
2025,63959,임정호,NC,368,37.5,43.75
2025,55663,이호민,HT,247,34.41,43.72
2025,54802,박기호,SK,405,34.81,43.7
2025,67962,소이현,NC,119,36.13,43.7
2025,54362,전준표,WO,488,35.25,43.65
2025,61643,홍건희,OB,360,35.28,43.61
2025,54263,김택연,OB,1085,34.65,43.59
2025,60841,박종훈,SK,469,36.25,43.5
2025,55377,정세영,WO,76,34.21,43.42
2025,65109,백승현,LG,555,36.04,43.42
2025,55610,김태형,HT,461,34.49,43.38
2025,50106,유영찬,LG,602,35.38,43.36
2025,52206,최지강,OB,541,36.04,43.25
2025,50211,제환유,OB,297,36.7,43.1
2025,51516,김진욱,LT,583,34.82,43.05
2025,54913,김민규,NC,100,36.0,43.0
2025,55632,이성원,HT,63,38.1,42.86
2025,52992,이준혁,NC,665,33.68,42.86
2025,72523,고효준,OB,385,36.1,42.86
2025,54401,김대호,SS,512,33.2,42.77
2025,55359,김서준,WO,227,33.92,42.73
2025,51648,이의리,HT,776,32.73,42.65
2025,65769,김범수,HH,757,34.74,42.54
2025,77211,이용찬,NC,396,33.84,42.42
2025,50992,김태경,NC,357,33.33,42.3
2025,53259,최준호,OB,409,33.5,42.3
2025,54404,육선엽,SS,625,33.28,42.24
2025,50441,황동재,SS,443,33.18,42.21
2025,54645,김민주,HT,64,29.69,42.19
2025,64995,배재환,NC,1055,32.51,42.18
2025,53615,이도현,HT,228,33.33,42.11
2025,66858,정동윤,SK,421,33.49,42.04
2025,61895,서진용,SK,69,33.33,42.03
2025,67365,양지율,WO,262,31.68,41.98
2025,52204,이병헌,OB,254,32.68,41.73
2025,67419,문용익,KT,553,32.91,41.41
2025,68269,김호준,OB,272,33.46,41.18
2025,53754,김서현,HH,1013,32.48,41.07
2025,63145,배재준,LG,203,34.98,40.89
2025,51994,한재승,HT,716,34.5,40.78
2025,68200,김민규,OB,199,36.18,40.7
2025,53006,강건,KT,118,38.14,40.68
2025,55394,박정훈,WO,434,31.34,40.55
2025,66291,이영하,OB,1104,32.79,40.4
2025,67588,윤성빈,LT,500,34.6,40.4
2025,62528,김원중,LT,1044,32.09,40.33
2025,67954,김진호,NC,1212,32.67,40.18
2025,60559,박시영,LT,167,33.53,40.12
2025,63512,박진형,LT,105,36.19,40.0
2025,64596,김유영,LG,145,35.17,40.0
2025,52731,박준영,HH,103,35.92,39.81
2025,55995,김태훈,NC,342,31.87,39.77
2025,61145,이우찬,LG,369,31.44,39.57
2025,55396,윤현,WO,572,30.77,39.51
2025,50206,최종인,OB,97,28.87,39.18
2025,55040,김동현,KT,118,33.05,38.98
2025,67956,김태현,NC,102,32.35,38.24
2025,66145,김대현,LG,58,31.03,37.93
2025,69205,이교훈,OB,127,30.71,37.8
2025,68159,성동현,LG,239,30.96,37.66
2025,54903,최우석,NC,327,28.44,37.61
2025,65639,박정수,OB,455,29.89,37.36
2025,55382,임진묵,WO,98,32.65,36.73
2025,67640,유승철,HT,79,30.38,36.71
2025,52902,임지민,NC,60,30.0,36.67
2025,54363,손현기,WO,132,27.27,36.36
2025,55043,김재원,KT,94,30.85,36.17
2025,53919,신영우,NC,340,29.41,35.88
2025,61268,양현,SS,62,29.03,35.48
2025,53164,김동규,WO,222,28.38,34.68
2025,54900,임상현,NC,83,27.71,33.73
2025,50641,장재혁,HT,120,22.5,32.5
2025,52119,허준혁,LG,61,22.95,31.15
2025,50711,김승일,HH,55,23.64,30.91
2025,55566,김태현,LT,94,22.34,30.85
2025,69159,정우영,LG,63,23.81,26.98
